,id,項目1,項目2,項目3,項目4
0,A,0.33763296,0.140755903,0.031212584,0.549788427
1,B,0.898920759,0.590151994,0.524783606,0.302928244
2,C,0.842885004,0.577485986,0.618583668,0.985783334
3,D,0.904537592,0.019029745,0.606743705,0.77579247
4,E,0.958340094,0.584820497,0.353405565,0.252872505
