id,項目4
A,0.549788427
B,0.302928244
C,0.985783334
D,0.77579247
E,0.252872505
